批准文号,游戏名称,运营单位,批文日期
文网游进字〔2018〕0081 号,堡垒之夜,深圳市腾讯计算机系统有限公司,2018-05-15
文网游进字〔2018〕0063 号,口袋学院物语1,北京粒子互娱网络科技有限公司,2018-04-25
文网游进字〔2018〕0056 号,妃十三学园,上海幻电信息科技有限公司,2018-04-25
文网游进字〔2018〕0060 号,开拓神秘岛,北京粒子互娱网络科技有限公司,2018-04-25
文网游进字〔2018〕0070 号,极限竞速7,东方明珠新媒体股份有限公司,2018-04-25
文网游进字〔2018〕0055 号,茜色世界中与君咏唱,成都数字天空科技有限公司,2018-04-25
文网游进字〔2018〕0074 号,我的世界：故事模式,深圳市腾讯计算机系统有限公司,2018-04-25
文网游进字〔2018〕0054 号,梦想协奏曲！少女乐团派对！,上海幻电信息科技有限公司,2018-04-25
文网游进字〔2018〕0075 号,乐克乐克重制版,上海东方明珠文化发展有限公司,2018-04-25
文网游进字〔2018〕0080 号,织法者,北京中电博亚科技有限公司,2018-04-25
文网游进字〔2018〕0071 号,旗帜传说2,深圳市腾讯计算机系统有限公司,2018-04-25
文网游进字〔2018〕0072 号,命运之手2,北京游道易网络文化有限公司,2018-04-25
文网游进字〔2018〕0076 号,轩辕剑龙舞云山,杭州网易雷火科技有限公司,2018-04-25
文网游进字〔2018〕0066 号,游戏厅物语,北京粒子互娱网络科技有限公司,2018-04-25
文网游进字〔2018〕0065 号,星之开罗君,北京粒子互娱网络科技有限公司,2018-04-25
文网游进字〔2018〕0059 号,创意蛋糕店,北京粒子互娱网络科技有限公司,2018-04-25
文网游进字〔2018〕0061 号,海鲜寿司物语,北京粒子互娱网络科技有限公司,2018-04-25
文网游进字〔2018〕0058 号,王国保卫战：前线,北京炽羽科技有限公司,2018-04-25
文网游进字〔2018〕0073 号,轩辕剑之汉之云-英伟达电视娱乐一体机版,北京爱奇艺科技有限公司,2018-04-25
文网游进字〔2018〕0057 号,实况足球,杭州网易雷火科技有限公司,2018-04-25
文网游进字〔2018〕0079 号,卡通射手2,上海汇火文化传播有限公司,2018-04-25
文网游进字〔2018〕0062 号,冲刺赛车物语2,北京粒子互娱网络科技有限公司,2018-04-25
文网游进字〔2018〕0077 号,侍魂-胧月传说,乐道互动（天津）科技有限公司,2018-04-25
文网游进字〔2018〕0069 号,兄弟：双子传说,心动网络股份有限公司,2018-04-25
文网游进字〔2018〕0064 号,实况:王者集结,杭州网易雷火科技有限公司,2018-04-25
文网游进字〔2018〕0053 号,棒球物语,北京粒子互娱网络科技有限公司,2018-04-25
文网游进字〔2018〕0078 号, 怪物弹珠,北京超旗网络信息技术有限公司,2018-04-25
文网游进字〔2018〕0067 号,美国篮球协会18手游,深圳市腾讯计算机系统有限公司,2018-04-25
文网游进字〔2018〕0068 号,灵犀出版社物语,北京粒子互娱网络科技有限公司,2018-04-25
文网游进字〔2018〕0037 号,足球在线4,深圳市腾讯计算机系统有限公司,2018-03-19
文网游进字〔2018〕0040 号,像素牧场物语,北京粒子互娱网络科技有限公司,2018-03-19
文网游进字〔2018〕0035 号,围攻,深圳市腾讯计算机系统有限公司,2018-03-19
文网游进字〔2018〕0048 号,幻想英雄传PSV版,上海东方明珠文化发展有限公司,2018-03-19
文网游进字〔2018〕0044 号,视差空间,北京爱奇艺科技有限公司,2018-03-19
文网游进字〔2018〕0051 号,指间坦克,杭州哲信信息技术有限公司,2018-03-19
文网游进字〔2018〕0043 号,大江户物语,北京粒子互娱网络科技有限公司,2018-03-19
文网游进字〔2018〕0050 号,东方计划幻想圆舞曲,上海东方明珠文化发展有限公司,2018-03-19
文网游进字〔2018〕0047 号,幻想英雄传,上海东方明珠文化发展有限公司,2018-03-19
文网游进字〔2018〕0033 号,洪潮之焰,完美世界（北京）网络技术有限公司,2018-03-19
文网游进字〔2018〕0038 号,森喜刚归来,北京爱奇艺科技有限公司,2018-03-19
文网游进字〔2018〕0049 号,晴空农场物语,北京粒子互娱网络科技有限公司,2018-03-19
文网游进字〔2018〕0032 号,创世纪,深圳市腾讯计算机系统有限公司,2018-03-19
文网游进字〔2018〕0046 号,住宅梦物语,北京粒子互娱网络科技有限公司,2018-03-19
文网游进字〔2018〕0039 号,仰冲异界,上海星游纪信息技术有限公司,2018-03-19
文网游进字〔2018〕0036 号,龙珠时空传说,上海巨人网络科技有限公司,2018-03-19
文网游进字〔2018〕0034 号,艾兰岛,深圳市腾讯计算机系统有限公司,2018-03-19
文网游进字〔2018〕0042 号,漫画道场物语,北京粒子互娱网络科技有限公司,2018-03-19
文网游进字〔2018〕0052 号,传送门骑士移动版,广州多益网络股份有限公司,2018-03-19
文网游进字〔2018〕0041 号,合战忍者村物语,北京粒子互娱网络科技有限公司,2018-03-19
文网游进字〔2018〕0045 号,光●遇,杭州网易雷火科技有限公司,2018-03-19
文网游进字〔2018〕0010 号,足球在线4移动版,深圳市腾讯计算机系统有限公司,2018-01-12
文网游进字〔2018〕0008 号,足球世界,深圳市腾讯计算机系统有限公司,2018-01-12
文网游进字〔2018〕0006 号,航海王：燃烧意志,北京卓易讯畅科技有限公司,2018-01-12
文网游进字〔2018〕0019 号,尘埃4,深圳市腾讯计算机系统有限公司,2018-01-12
文网游进字〔2018〕0003 号,战之海贼之王者征途,北京中科奥科技有限公司,2018-01-12
文网游进字〔2018〕0031 号,巨像之咆哮,上海东方明珠文化发展有限公司,2018-01-12
文网游进字〔2018〕0016 号,歌之王子殿下：闪耀之星,上海游哲网络科技有限公司,2018-01-12
文网游进字〔2018〕0022 号,罗博造造,深圳市腾讯计算机系统有限公司,2018-01-12
文网游进字〔2018〕0015 号,合金弹头：反击,乐道互动（天津）科技有限公司,2018-01-12
文网游进字〔2018〕0014 号,辐射：避难所Online,上海数龙科技有限公司,2018-01-12
文网游进字〔2018〕0007 号,游戏开发物语,北京粒子互娱网络科技有限公司,2018-01-12
文网游进字〔2018〕0025 号,极速奔跑者,深圳市腾讯计算机系统有限公司,2018-01-12
文网游进字〔2018〕0030 号,不确定性：第一章-寂静尾声,北京爱奇艺科技有限公司,2018-01-12
文网游进字〔2018〕0002 号,泰坦黎明,杭州网易雷火科技有限公司,2018-01-12
文网游进字〔2018〕0011 号,美食梦物语,北京粒子互娱网络科技有限公司,2018-01-12
文网游进字〔2018〕0029 号,仙剑奇侠传四,北京新游时代网络技术有限公司,2018-01-12
文网游进字〔2018〕0012 号,豪华大游轮物语,北京粒子互娱网络科技有限公司,2018-01-12
文网游进字〔2018〕0021 号,太空工程师,深圳市腾讯计算机系统有限公司,2018-01-12
文网游进字〔2018〕0028 号,居居,北京爱奇艺科技有限公司,2018-01-12
文网游进字〔2018〕0024 号,纸境奇缘,深圳市腾讯计算机系统有限公司,2018-01-12
文网游进字〔2018〕0020 号,城堡破坏者,深圳市腾讯计算机系统有限公司,2018-01-12
文网游进字〔2018〕0017 号,龙珠最强之战,上海巨人网络科技有限公司,2018-01-12
文网游进字〔2018〕0009 号,轩辕剑群侠录,上海黑桃互动网络科技有限公司,2018-01-12
文网游进字〔2018〕0004 号,爆破小超人,上海东方明珠文化发展有限公司,2018-01-12
文网游进字〔2018〕0018 号,新武林群侠传,北京龙图智库科技有限公司,2018-01-12
文网游进字〔2018〕0027 号,炸弹小分队,北京爱奇艺科技有限公司,2018-01-12
文网游进字〔2018〕0023 号,真 三国无双８,上海东方明珠文化发展有限公司,2018-01-12
文网游进字〔2018〕0005 号,怪物史瑞克1,上海东方明珠文化发展有限公司,2018-01-12
文网游进字〔2018〕0013 号,神之光,深圳市腾讯计算机系统有限公司,2018-01-12
文网游进字〔2018〕0026 号,秘奥法师,深圳市腾讯计算机系统有限公司,2018-01-12
文网游进字〔2017〕0214 号,进击！要塞！,北京游道易网络文化有限公司,2017-12-11
文网游进字〔2017〕0204 号,轩辕剑之汉之云（移动版）,北京昆仑在线网络科技有限公司,2017-12-11
文网游进字〔2017〕0205 号,极品飞车在线移动版,深圳市腾讯计算机系统有限公司,2017-12-11
文网游进字〔2017〕0216 号,冠军盛典,深圳市腾讯计算机系统有限公司,2017-12-11
文网游进字〔2017〕0211 号,小飞鼠弹球历险记,上海东方明珠新媒体股份有限公司,2017-12-11
文网游进字〔2017〕0207 号,战场女武神,深圳市腾讯计算机系统有限公司,2017-12-11
文网游进字〔2017〕0218 号,旗帜传说,深圳市腾讯计算机系统有限公司,2017-12-11
文网游进字〔2017〕0208 号,史莱姆牧场,深圳市腾讯计算机系统有限公司,2017-12-11
文网游进字〔2017〕0217 号,反重力赛车终极典藏版,上海东方明珠文化发展有限公司,2017-12-11
文网游进字〔2017〕0213 号,壁咚球,上海星游纪信息技术有限公司,2017-12-11
文网游进字〔2017〕0206 号,勇者就爱耍心机VR,上海东方明珠文化发展有限公司,2017-12-11
文网游进字〔2017〕0212 号,超级鸡马,北京爱奇艺科技有限公司,2017-12-11
文网游进字〔2017〕0210 号,超级马力欧银河,北京爱奇艺科技有限公司,2017-12-11
文网游进字〔2017〕0209 号,仙剑奇侠传五（英伟达电视娱乐一体机版）,北京爱奇艺科技有限公司,2017-12-11
文网游进字〔2017〕0215 号,阿尼玛：回忆之门（PS4版）,上海东方明珠文化发展有限公司,2017-12-11
文网游进字〔2017〕0185 号,坦克世界闪击战,杭州网易雷火科技有限公司,2017-12-01
文网游进字〔2017〕0191 号,冠军足球物语1,北京粒子互娱网络科技有限公司,2017-12-01
文网游进字〔2017〕0183 号,提莫历险记,深圳市腾讯计算机系统有限公司,2017-12-01
文网游进字〔2017〕0203 号,美味糖果塔,拓维信息系统股份有限公司,2017-12-01
文网游进字〔2017〕0193 号,宝藏世界,北京世界星辉科技有限责任公司,2017-12-01
文网游进字〔2017〕0202 号,疯狂爱消厨,上海数龙科技有限公司,2017-12-01
文网游进字〔2017〕0189 号,发现动物公园,北京粒子互娱网络科技有限公司,2017-12-01
文网游进字〔2017〕0194 号,金字塔王国物语,北京粒子互娱网络科技有限公司,2017-12-01
文网游进字〔2017〕0199 号,动画制作物语,北京粒子互娱网络科技有限公司,2017-12-01
文网游进字〔2017〕0200 号,冒险村物语,北京粒子互娱网络科技有限公司,2017-12-01
文网游进字〔2017〕0188 号,宇宙探险物语,北京粒子互娱网络科技有限公司,2017-12-01
文网游进字〔2017〕0187 号,百货商场物语,北京粒子互娱网络科技有限公司,2017-12-01
文网游进字〔2017〕0196 号,境界之诗,上海数龙科技有限公司,2017-12-01
文网游进字〔2017〕0182 号,SBK14,深圳市腾讯计算机系统有限公司,2017-12-01
文网游进字〔2017〕0201 号,汤姆猫战营,杭州哲信信息技术有限公司,2017-12-01
文网游进字〔2017〕0190 号,大海贼探险物语,北京粒子互娱网络科技有限公司,2017-12-01
文网游进字〔2017〕0198 号,梦想商店街物语,北京粒子互娱网络科技有限公司,2017-12-01
文网游进字〔2017〕0186 号,不休骑士,北京唯我乐园信息技术有限公司,2017-12-01
文网游进字〔2017〕0197 号,时尚洋品店物语,北京粒子互娱网络科技有限公司,2017-12-01
文网游进字〔2017〕0195 号,都市大亨物语,北京粒子互娱网络科技有限公司,2017-12-01
文网游进字〔2017〕0192 号,口袋学院物语2,北京粒子互娱网络科技有限公司,2017-12-01
文网游进字〔2017〕0168 号,程序员升职记,北京游道易网络文化有限公司,2017-11-03
文网游进字〔2017〕0180 号,击拳热斗！！,北京爱奇艺科技有限公司,2017-11-03
文网游进字〔2017〕0177 号,猎龙计划,上海游族信息技术有限公司,2017-11-03
文网游进字〔2017〕0164 号,守望之塔,拓维信息系统股份有限公司,2017-11-03
文网游进字〔2017〕0170 号,黑白世界,上海东方明珠新媒体股份有限公司,2017-11-03
文网游进字〔2017〕0174 号,幽浮：未知敌人,北京爱奇艺科技有限公司,2017-11-03
文网游进字〔2017〕0179 号,突突兔独战突袭兔,上海东方明珠文化发展有限公司,2017-11-03
文网游进字〔2017〕0181 号,突突兔独战突袭兔PSVita版,上海东方明珠文化发展有限公司,2017-11-03
文网游进字〔2017〕0173 号,火源,深圳市腾讯计算机系统有限公司,2017-11-03
文网游进字〔2017〕0176 号,理查德探险,北京爱奇艺科技有限公司,2017-11-03
文网游进字〔2017〕0165 号,温泉物语,北京粒子互娱网络科技有限公司,2017-11-03
文网游进字〔2017〕0171 号,百变球球,深圳市腾讯计算机系统有限公司,2017-11-03
文网游进字〔2017〕0178 号,塞尔达传说：黄昏公主,北京爱奇艺科技有限公司,2017-11-03
文网游进字〔2017〕0167 号,永不言弃3：世界,上海游族信息技术有限公司,2017-11-03
文网游进字〔2017〕0175 号,漫漫长夜,深圳市腾讯计算机系统有限公司,2017-11-03
文网游进字〔2017〕0169 号,冰封触点,北京爱奇艺科技有限公司,2017-11-03
文网游进字〔2017〕0172 号,篮球在线2,深圳市腾讯计算机系统有限公司,2017-11-03
文网游进字〔2017〕0166 号,轩辕剑叁外传天之痕单机版游戏软件,北京昆仑乐享网络技术有限公司,2017-11-03
文网游进字〔2017〕0163 号,冠军足球物语2,北京粒子互娱网络科技有限公司,2017-11-03
文网游进字〔2017〕0159 号,汤姆猫水上乐园,杭州哲信信息技术有限公司,2017-11-02
文网游进字〔2017〕0160 号,钠克的大冒险-双英与古代兵团,上海东方明珠文化发展有限公司,2017-11-02
文网游进字〔2017〕0161 号,数码宝贝：相遇,成都陌陌科技有限公司,2017-11-02
文网游进字〔2017〕0162 号,冲刺赛车物语,北京粒子互娱网络科技有限公司,2017-11-02
文网游进字〔2017〕0153 号,躲避球大冒险,北京爱奇艺科技有限公司,2017-09-29
文网游进字〔2017〕0152 号,影之诗,杭州网易雷火科技有限公司,2017-09-29
文网游进字〔2017〕0147 号,曙光,北京爱奇艺科技有限公司,2017-09-29
文网游进字〔2017〕0151 号,世界汽车拉力锦标赛6,上海东方明珠文化发展有限公司,2017-09-29
文网游进字〔2017〕0146 号,咻碰闪外星战机,北京爱奇艺科技有限公司,2017-09-29
文网游进字〔2017〕0154 号,索尼克力量,上海东方明珠新媒体股份有限公司,2017-09-29
文网游进字〔2017〕0150 号,堡垒,深圳市腾讯计算机系统有限公司,2017-09-29
文网游进字〔2017〕0148 号,节奏小子,北京爱奇艺科技有限公司,2017-09-29
文网游进字〔2017〕0156 号,去月球（PC版）,深圳市腾讯计算机系统有限公司,2017-09-29
文网游进字〔2017〕0149 号,崩溃大陆,深圳市腾讯计算机系统有限公司,2017-09-29
文网游进字〔2017〕0155 号,境·界-魂之觉醒,北京昆仑乐享网络技术有限公司,2017-09-29
文网游进字〔2017〕0157 号,曙光破晓,上海追趣网络科技有限公司,2017-09-29
文网游进字〔2017〕0158 号,晶体管,深圳市腾讯计算机系统有限公司,2017-09-29
文网游进字〔2017〕0145 号,美国篮球协会18,上海星游纪信息技术有限公司,2017-09-27
文网游进字〔2017〕0144 号,三国群英传游戏软件,上海悠游网软件科技有限公司,2017-09-25
文网游进字〔2017〕0134 号,红莲之王,上海久游网络科技有限公司,2017-09-13
文网游进字〔2017〕0139 号,神域召唤,上海数龙科技有限公司,2017-09-13
文网游进字〔2017〕0135 号,水滴记忆,上海东方明珠文化发展有限公司,2017-09-13
文网游进字〔2017〕0133 号,梦幻花园,深圳市创梦天地科技股份有限公司,2017-09-13
文网游进字〔2017〕0142 号,魔神少女,上海东方明珠文化发展有限公司,2017-09-13
文网游进字〔2017〕0136 号,登山赛车2,北京唯我乐园信息技术有限公司,2017-09-13
文网游进字〔2017〕0138 号,街霸V,上海东方明珠文化发展有限公司,2017-09-13
文网游进字〔2017〕0143 号,桥（英伟达电视娱乐一体机版）,北京爱奇艺科技有限公司,2017-09-13
文网游进字〔2017〕0141 号,星耀少女,广州卓游信息科技有限公司,2017-09-13
文网游进字〔2017〕0137 号,怪物史瑞克2,上海东方明珠文化发展有限公司,2017-09-13
文网游进字〔2017〕0140 号,火箭联盟,深圳市腾讯计算机系统有限公司,2017-09-13
文网游进字〔2017〕0132 号,啃货来袭,上海东方明珠文化发展有限公司,2017-09-01
文网游进字〔2017〕0123 号,传送门骑士,广州多益网络股份有限公司,2017-09-01
文网游进字〔2017〕0129 号,街球一对一,深圳市星河互动科技有限公司,2017-09-01
文网游进字〔2017〕0131 号,乞丐的旅途,深圳市腾讯计算机系统有限公司,2017-09-01
文网游进字〔2017〕0124 号,超级连击王,上海星游纪信息技术有限公司,2017-09-01
文网游进字〔2017〕0126 号,虚幻争霸,深圳市腾讯计算机系统有限公司,2017-09-01
文网游进字〔2017〕0119 号,漫威：超级争霸战,北京银河聚阵网络技术有限公司,2017-09-01
文网游进字〔2017〕0117 号,黑衣剑士,北京世界星辉科技有限责任公司,2017-09-01
文网游进字〔2017〕0120 号,敢达争锋对决,上海恺英网络科技有限公司,2017-09-01
文网游进字〔2017〕0128 号,为谁而炼金,上海蛙扑网络技术有限公司,2017-09-01
文网游进字〔2017〕0122 号,敢达前线指挥官,上海久游网络科技有限公司,2017-09-01
文网游进字〔2017〕0118 号,变形金刚：百炼为战,北京银河聚阵网络技术有限公司,2017-09-01
文网游进字〔2017〕0127 号,看火人,深圳市腾讯计算机系统有限公司,2017-09-01
文网游进字〔2017〕0125 号,炸弹飞猴,上海东方明珠文化发展有限公司,2017-09-01
文网游进字〔2017〕0121 号,粉碎狂热,上海蛙扑网络技术有限公司,2017-09-01
文网游进字〔2017〕0130 号,啃货来袭PSVita版,上海东方明珠文化发展有限公司,2017-09-01
文网游进字〔2017〕0116 号,星盟冲突,杭州电魂网络科技股份有限公司,2017-08-21
文网游进字〔2017〕0112 号,翻滚吧齿轮君,天津英雄互娱科技有限公司,2017-08-21
文网游进字〔2017〕0115 号,明星志愿星之守护,北京爱奇艺科技有限公司,2017-08-21
文网游进字〔2017〕0110 号,圣斗士星矢小宇宙幻想传,上海巨人网络科技有限公司,2017-08-21
文网游进字〔2017〕0109 号,我的世界PlayStation4版,上海东方明珠文化发展有限公司,2017-08-21
文网游进字〔2017〕0108 号,我的世界PlayStationVita版,上海东方明珠文化发展有限公司,2017-08-21
文网游进字〔2017〕0111 号,安吉拉时尚泡泡,杭州哲信信息技术有限公司,2017-08-21
文网游进字〔2017〕0114 号,命运之手,北京游道易网络文化有限公司,2017-08-21
文网游进字〔2017〕0113 号,机器人沃博大逃亡,北京爱奇艺科技有限公司,2017-08-21
文网游进字〔2017〕0107 号,装甲战争,上海大承网络技术有限公司,2017-08-08
文网游进字〔2017〕0106 号,旅之畅想VR,上海东方明珠文化发展有限公司,2017-08-08
文网游进字〔2017〕0105 号,巫师之昆特牌,深圳市盖娅科技有限公司,2017-08-08
文网游进字〔2017〕0090 号,迪士尼过马路,上海游族信息技术有限公司,2017-07-26
文网游进字〔2017〕0103 号,塞巴斯蒂安拉力赛：进化,上海东方明珠文化发展有限公司,2017-07-26
文网游进字〔2017〕0094 号,王国纪元（Lords Mobile）,福州天盟数码有限公司,2017-07-26
文网游进字〔2017〕0091 号,创世战车,合肥完美世界网络技术有限公司,2017-07-26
文网游进字〔2017〕0099 号,麦提9号PS4版,上海东方明珠文化发展有限公司,2017-07-26
文网游进字〔2017〕0095 号,讨鬼传2PSV版,上海东方明珠文化发展有限公司,2017-07-26
文网游进字〔2017〕0100 号,海绵宝宝官方正版,杭州哲信信息技术有限公司,2017-07-26
文网游进字〔2017〕0092 号,缺氧,深圳市腾讯计算机系统有限公司,2017-07-26
文网游进字〔2017〕0096 号,冒险之旅,深圳市腾讯计算机系统有限公司,2017-07-26
文网游进字〔2017〕0097 号,圣剑传说,上海久游网络科技有限公司,2017-07-26
文网游进字〔2017〕0098 号,霍比特人之中土王国,深圳市盖娅科技有限公司,2017-07-26
文网游进字〔2017〕0102 号,纪念碑谷2,深圳市腾讯计算机系统有限公司,2017-07-26
文网游进字〔2017〕0093 号,讨鬼传2PS4版,上海东方明珠文化发展有限公司,2017-07-26
文网游进字〔2017〕0104 号,新大众高尔夫,上海东方明珠文化发展有限公司,2017-07-26
文网游进字〔2017〕0101 号,脱线飞行员,上海莉莉丝网络科技有限公司,2017-07-26
文网游进字〔2017〕0082 号,新超级马力欧兄弟,北京爱奇艺科技有限公司,2017-07-06
文网游进字〔2017〕0083 号,皇室战轮（英伟达电视娱乐一体机版）,北京爱奇艺科技有限公司,2017-07-06
文网游进字〔2017〕0087 号,大奥：江户奇缘,成都数字天空科技有限公司,2017-07-06
文网游进字〔2017〕0081 号,光与影,北京爱奇艺科技有限公司,2017-07-06
文网游进字〔2017〕0085 号,城与龙,上海数龙科技有限公司,2017-07-06
文网游进字〔2017〕0080 号,战龙酒馆,杭州电魂网络科技股份有限公司,2017-07-06
文网游进字〔2017〕0077 号,乐高世界,上海东方明珠文化发展有限公司,2017-07-06
文网游进字〔2017〕0078 号,皇室战轮,上海东方明珠文化发展有限公司,2017-07-06
文网游进字〔2017〕0079 号,轩辕剑外传-穹之扉PS4版,上海东方明珠文化发展有限公司,2017-07-06
文网游进字〔2017〕0088 号,宫殿：月下灰姑娘,成都数字天空科技有限公司,2017-07-06
文网游进字〔2017〕0089 号,流放之路,深圳市腾讯计算机系统有限公司,2017-07-06
文网游进字〔2017〕0086 号,宫殿：100日公主,成都数字天空科技有限公司,2017-07-06
文网游进字〔2017〕0076 号,歌利亚巨人,上海东方明珠新媒体股份有限公司,2017-07-06
文网游进字〔2017〕0084 号,反恐精英：全球攻势,合肥完美世界网络技术有限公司,2017-07-06
文网游进字〔2017〕0075 号,探险家斯皮兰卡,上海星游纪信息技术有限公司,2017-06-21
文网游进字〔2017〕0073 号,重力异想世界完结篇,上海东方明珠文化发展有限公司,2017-06-21
文网游进字〔2017〕0071 号,地平线零之曙光,上海东方明珠文化发展有限公司,2017-06-21
文网游进字〔2017〕0072 号,我的世界（Minecraft）,上海网之易吾世界网络科技有限公司,2017-06-21
文网游进字〔2017〕0074 号,我的世界：移动版,上海网之易吾世界网络科技有限公司,2017-06-21
文网游进字〔2017〕0070 号,会说话的金杰猫2,珠海安德菲信息技术有限公司,2017-06-02
文网游进字〔2017〕0063 号,枪火游侠,深圳市腾讯计算机系统有限公司,2017-06-02
文网游进字〔2017〕0068 号,球王之路,深圳市星河互动科技有限公司,2017-06-02
文网游进字〔2017〕0062 号,美职篮在线,北京卓越晨星科技有限公司,2017-06-02
文网游进字〔2017〕0067 号,汤姆猫快跑,珠海安德菲信息技术有限公司,2017-06-02
文网游进字〔2017〕0066 号,我的安吉拉MyTalkingAngela,珠海安德菲信息技术有限公司,2017-06-02
文网游进字〔2017〕0069 号,艾斯蒂敢达强袭战线,上海久游网络科技有限公司,2017-06-02
文网游进字〔2017〕0065 号,塞巴斯蒂安拉力赛：进化（Xbox版本）,上海东方明珠新媒体股份有限公司,2017-06-02
文网游进字〔2017〕0064 号,遥远星际,上海东方明珠文化发展有限公司,2017-06-02
文网游进字〔2017〕0057 号,桥梁构造师,深圳市腾讯计算机系统有限公司,2017-06-01
文网游进字〔2017〕0061 号,神偷奶爸：小黄人快跑,北京万盛和泰科技有限公司,2017-06-01
文网游进字〔2017〕0059 号,沼泽激战,珠海安德菲信息技术有限公司,2017-06-01
文网游进字〔2017〕0056 号,最后的守护者,上海东方明珠文化发展有限公司,2017-06-01
文网游进字〔2017〕0058 号,汤姆猫的摩托艇,珠海安德菲信息技术有限公司,2017-06-01
文网游进字〔2017〕0060 号,核心重铸,上海东方明珠新媒体股份有限公司,2017-06-01
文网游进字〔2017〕0045 号,仙境传说OL,上海塔人网络科技股份有限公司,2017-05-19
文网游进字〔2017〕0054 号,地牢猎手5,炫彩互动网络科技有限公司,2017-05-19
文网游进字〔2017〕0053 号,妖怪百姬,上海布鲁潘达网络技术有限公司,2017-05-19
文网游进字〔2017〕0055 号,地下城与勇士移动版,深圳市腾讯计算机系统有限公司,2017-05-19
文网游进字〔2017〕0049 号,魔力宝贝页游,无锡七酷网络科技有限公司,2017-05-19
文网游进字〔2017〕0051 号,生生不息（PlayStation4版）,上海星游纪信息技术有限公司,2017-05-19
文网游进字〔2017〕0046 号,奇迹世界-血色争霸,上海游族信息技术有限公司,2017-05-19
文网游进字〔2017〕0050 号,音量（VR）,上海星游纪信息技术有限公司,2017-05-19
文网游进字〔2017〕0047 号,魔力宝贝手游,无锡七酷网络科技有限公司,2017-05-19
文网游进字〔2017〕0048 号,战争与文明,上海邮通科技有限公司,2017-05-19
文网游进字〔2017〕0052 号,洛奇英雄传：永恒,上海邮通科技有限公司,2017-05-19
文网游进字〔2017〕0042 号,饥荒联机版,深圳市腾讯计算机系统有限公司,2017-04-06
文网游进字〔2017〕0044 号,都市：天际线,深圳市腾讯计算机系统有限公司,2017-04-06
文网游进字〔2017〕0043 号,星露谷物语,深圳市腾讯计算机系统有限公司,2017-04-06
文网游进字〔2017〕0034 号,仙剑奇侠传幻璃镜,天津百度紫桐科技有限公司,2017-03-28
文网游进字〔2017〕0038 号,烈焰冲击,游匣互动（北京）科技有限公司,2017-03-28
文网游进字〔2017〕0033 号,通灵塔,上海东方明珠文化发展有限公司,2017-03-28
文网游进字〔2017〕0029 号,火焰终结者,上海东方明珠文化发展有限公司,2017-03-28
文网游进字〔2017〕0039 号,通灵塔（战斧家用游戏机）,游匣互动（北京）科技有限公司,2017-03-28
文网游进字〔2017〕0035 号,拳皇世界,乐道互动（天津）科技有限公司,2017-03-28
文网游进字〔2017〕0041 号,进化之地,北京乐动卓越科技有限公司,2017-03-28
文网游进字〔2017〕0036 号,自由足球,上海昊嘉信息技术有限公司,2017-03-28
文网游进字〔2017〕0040 号,体感功夫,上海东方明珠新媒体股份有限公司,2017-03-28
文网游进字〔2017〕0037 号,Raven：掠夺者,杭州网易雷火科技有限公司,2017-03-28
文网游进字〔2017〕0032 号,男孩与泡泡怪,深圳市腾讯计算机系统有限公司,2017-03-28
文网游进字〔2017〕0028 号,舞力全开2017PS4版,上海东方明珠文化发展有限公司,2017-03-28
文网游进字〔2017〕0031 号,霓虹跑酷,上海东方明珠文化发展有限公司,2017-03-28
文网游进字〔2017〕0027 号,疯狂原始人,上海东方明珠文化发展有限公司,2017-03-28
文网游进字〔2017〕0030 号,舞力全开2017,上海东方明珠新媒体股份有限公司,2017-03-28
文网游进字〔2017〕0018 号,愤怒的小鸟：掷骰子！,上海昊嘉信息技术有限公司,2017-03-03
文网游进字〔2017〕0013 号,会说话的安吉拉,珠海安德菲信息技术有限公司,2017-03-03
文网游进字〔2017〕0010 号,地铁跑酷,深圳市创梦天地科技有限公司,2017-03-03
文网游进字〔2017〕0026 号,仙剑奇侠传online,深圳市腾讯计算机系统有限公司,2017-03-03
文网游进字〔2017〕0015 号,节奏跑酷,竞技世界(北京)网络技术有限公司,2017-03-03
文网游进字〔2017〕0017 号,会说话的狗狗本,珠海安德菲信息技术有限公司,2017-03-03
文网游进字〔2017〕0023 号,我的汉克狗,珠海安德菲信息技术有限公司,2017-03-03
文网游进字〔2017〕0024 号,我的小镇,竞技世界(北京)网络技术有限公司,2017-03-03
文网游进字〔2017〕0014 号,会说话的金杰猫,珠海安德菲信息技术有限公司,2017-03-03
文网游进字〔2017〕0025 号,糖果苏打传奇,北京北纬通信科技股份有限公司,2017-03-03
文网游进字〔2017〕0020 号,仙剑奇侠传,深圳市腾讯计算机系统有限公司,2017-03-03
文网游进字〔2017〕0019 号,拼图挑战,珠海安德菲信息技术有限公司,2017-03-03
文网游进字〔2017〕0021 号,胸怀三国志,北京喜游戏科技有限公司,2017-03-03
文网游进字〔2017〕0016 号,神笔迷画,竞技世界(北京)网络技术有限公司,2017-03-03
文网游进字〔2017〕0012 号,汤姆猫跑酷,天津百度紫桐科技有限公司,2017-03-03
文网游进字〔2017〕0022 号,汤姆猫泡泡射手,珠海安德菲信息技术有限公司,2017-03-03
文网游进字〔2017〕0011 号,愤怒的小鸟变形金刚,咪咕互动娱乐有限公司,2017-03-03
文网游进字〔2017〕0002 号,克鲁赛德战记,潜龙心诚（北京）网络科技有限公司,2017-01-26
文网游进字〔2017〕0007 号,彩色小特工,游匣互动（北京）科技有限公司,2017-01-26
文网游进字〔2017〕0008 号,逆光追影,游匣互动（北京）科技有限公司,2017-01-26
文网游进字〔2017〕0003 号,极品飞车online,深圳市腾讯计算机系统有限公司,2017-01-26
文网游进字〔2017〕0006 号,神勇蔬菜,游匣互动（北京）科技有限公司,2017-01-26
文网游进字〔2017〕0005 号,超酷节拍音速,上海东方明珠文化发展有限公司,2017-01-26
文网游进字〔2017〕0001 号,剑灵洪门崛起,深圳市腾讯计算机系统有限公司,2017-01-26
文网游进字〔2017〕0009 号,心之城堡,苏州蜗牛数字科技股份有限公司,2017-01-26
文网游进字〔2017〕0004 号,迪默最终演奏,上海东方明珠文化发展有限公司,2017-01-26
文网游进字〔2016〕0138 号,刀剑乱舞-ONLINE-移动游戏,上海游族信息技术有限公司,2016-12-23
文网游进字〔2016〕0137 号,刀剑乱舞-ONLINE-网页游戏,上海游族信息技术有限公司,2016-12-23
文网游进字〔2016〕0136 号,时空之刃,杭州网易雷火科技有限公司,2016-12-23
文网游进字〔2016〕0130 号,乒乓大魔王,上海邮通科技有限公司,2016-12-09
文网游进字〔2016〕0135 号,会说话的汤姆猫2,珠海安德菲信息技术有限公司,2016-12-09
文网游进字〔2016〕0133 号,会说话的汤姆猫,珠海安德菲信息技术有限公司,2016-12-09
文网游进字〔2016〕0129 号,炎之轨迹,上海邮通科技有限公司,2016-12-09
文网游进字〔2016〕0132 号,幻影纹章,上海蛙扑网络技术有限公司,2016-12-09
文网游进字〔2016〕0131 号,辐射避难所,上海数龙科技有限公司,2016-12-09
文网游进字〔2016〕0134 号,我的汤姆猫,珠海安德菲信息技术有限公司,2016-12-09
文网游进字〔2016〕0128 号,苍之骑士团,北京畅游时代数码技术有限公司,2016-11-17
文网游进字〔2016〕0127 号,愤怒的小鸟冲冲冲,北京北纬通信科技股份有限公司,2016-11-07
文网游进字〔2016〕0126 号,勇者斗恶龙X,上海数龙科技有限公司,2016-11-07
文网游进字〔2016〕0124 号,新英雄,北京酷蜂软件开发有限公司,2016-11-07
文网游进字〔2016〕0125 号,战斗吧蘑菇君,天津天象互动科技有限公司,2016-11-07
文网游进字〔2016〕0120 号,甩我甩我,深圳市创梦天地科技有限公司,2016-11-07
文网游进字〔2016〕0122 号,暗影刀锋,深圳市创梦天地科技有限公司,2016-11-07
文网游进字〔2016〕0123 号,天使之石,北京喜游戏科技有限公司,2016-11-07
文网游进字〔2016〕0121 号,冲吧航海王,深圳市创梦天地科技有限公司,2016-11-07
文网游进字〔2016〕0118 号,最终幻想15,上海东方明珠新媒体股份有限公司,2016-11-04
文网游进字〔2016〕0119 号,瑞奇与叮当,上海东方明珠文化发展有限公司,2016-11-04
文网游进字〔2016〕0115 号,舞之灵,上海东方明珠文化发展有限公司,2016-11-01
文网游进字〔2016〕0116 号,全职大师,深圳市腾讯计算机系统有限公司,2016-11-01
文网游进字〔2016〕0117 号,神之浩劫,深圳市腾讯计算机系统有限公司,2016-11-01
文网游进字〔2016〕0103 号,三国志13,上海东方明珠文化发展有限公司,2016-09-29
文网游进字〔2016〕0101 号,三国志13(xbox版本）,上海东方明珠新媒体股份有限公司,2016-09-29
文网游进字〔2016〕0106 号,噢!我好神,上海东方明珠文化发展有限公司,2016-09-29
文网游进字〔2016〕0109 号,星战钢甲,上海东方明珠文化发展有限公司,2016-09-29
文网游进字〔2016〕0107 号,暴走甲虫,上海东方明珠文化发展有限公司,2016-09-29
文网游进字〔2016〕0098 号,命运冠位指定,上海宽娱数码科技有限公司,2016-09-29
文网游进字〔2016〕0092 号,模拟城市：我是市长,北京北纬通信科技股份有限公司,2016-09-29
文网游进字〔2016〕0100 号,妙战天下,北京友皆乐通信技术有限公司,2016-09-29
文网游进字〔2016〕0105 号,漫威：未来之战,北京银河聚阵网络技术有限公司,2016-09-29
文网游进字〔2016〕0104 号,真三国无双7帝国PS4版,上海东方明珠文化发展有限公司,2016-09-29
文网游进字〔2016〕0091 号,契约兵团,杭州网易雷火科技有限公司,2016-09-29
文网游进字〔2016〕0096 号,神庙逃亡,深圳市创梦天地科技有限公司,2016-09-29
文网游进字〔2016〕0095 号,神庙逃亡2,深圳市创梦天地科技有限公司,2016-09-29
文网游进字〔2016〕0099 号,射击少女,上海宽娱数码科技有限公司,2016-09-29
文网游进字〔2016〕0111 号,揭秘计划,上海东方明珠文化发展有限公司,2016-09-29
文网游进字〔2016〕0113 号,艾露美,上海东方明珠文化发展有限公司,2016-09-29
文网游进字〔2016〕0112 号,新世纪战甲大赛机械化战斗联盟,上海东方明珠文化发展有限公司,2016-09-29
文网游进字〔2016〕0094 号,魔法学园,上海宽娱数码科技有限公司,2016-09-29
文网游进字〔2016〕0093 号,梦王国与沉睡的100王子,上海宽娱数码科技有限公司,2016-09-29
文网游进字〔2016〕0110 号,虚拟现实积木世界,上海东方明珠文化发展有限公司,2016-09-29
文网游进字〔2016〕0102 号,魔法少女小圆 ,上海宽娱数码科技有限公司,2016-09-29
文网游进字〔2016〕0090 号,偶像进行曲 ,上海宽娱数码科技有限公司,2016-09-29
文网游进字〔2016〕0108 号,虚拟现实乐园,上海东方明珠文化发展有限公司,2016-09-29
文网游进字〔2016〕0097 号,穿越火线：重返战场,上海中清龙图网络科技有限公司,2016-09-29
文网游进字〔2016〕0114 号,入侵！,上海东方明珠文化发展有限公司,2016-09-29
文网游进字〔2016〕0084 号,奇迹世界（SUN）,上海塔人网络科技股份有限公司,2016-08-22
文网游进字〔2016〕0075 号,体感章鱼,上海东方明珠新媒体股份有限公司,2016-08-22
文网游进字〔2016〕0076 号,究极雷电5,上海东方明珠新媒体股份有限公司,2016-08-22
文网游进字〔2016〕0086 号,航海王航海无双3,上海东方明珠文化发展有限公司,2016-08-22
文网游进字〔2016〕0079 号,封印者,上海邮通科技有限公司,2016-08-22
文网游进字〔2016〕0088 号,体感节奏战,上海东方明珠新媒体股份有限公司,2016-08-22
文网游进字〔2016〕0077 号,轩辕剑外传-穹之扉,上海东方明珠新媒体股份有限公司,2016-08-22
文网游进字〔2016〕0080 号,撕纸小邮差：拆封,上海东方明珠文化发展有限公司,2016-08-22
文网游进字〔2016〕0089 号,黑衣剑士失落之歌,上海东方明珠文化发展有限公司,2016-08-22
文网游进字〔2016〕0085 号,奇迹（MU）,上海塔人网络科技股份有限公司,2016-08-22
文网游进字〔2016〕0081 号,绝地潜兵,上海东方明珠文化发展有限公司,2016-08-22
文网游进字〔2016〕0083 号,冒险岛2,深圳市腾讯计算机系统有限公司,2016-08-22
文网游进字〔2016〕0082 号,怪物猎人开拓记梅杰波尔坦,深圳市腾讯计算机系统有限公司,2016-08-22
文网游进字〔2016〕0087 号,空之轨迹第1章全面进化版,上海东方明珠文化发展有限公司,2016-08-22
文网游进字〔2016〕0078 号,魔兽世界：军团再临,上海网之易网络科技发展有限公司,2016-08-22
文网游进字〔2016〕0074 号,飞速骑行,上海东方明珠文化发展有限公司,2016-07-15
文网游进字〔2016〕0072 号,轩辕剑叁外传之天之痕,北京睿宇智杰科技发展有限公司,2016-07-08
文网游进字〔2016〕0073 号,仙剑奇侠传3D回合,北京睿宇智杰科技发展有限公司,2016-07-08
文网游进字〔2016〕0055 号,脑力达人,深圳市腾讯计算机系统有限公司,2016-07-06
文网游进字〔2016〕0056 号,拳皇14,苏州米玩网络科技有限公司,2016-07-06
文网游进字〔2016〕0067 号,音量,苏州米玩网络科技有限公司,2016-07-06
文网游进字〔2016〕0066 号,真三国无双7帝国,百视通新媒体股份有限公司,2016-07-06
文网游进字〔2016〕0059 号,智龙迷城,深圳市腾讯计算机系统有限公司,2016-07-06
文网游进字〔2016〕0064 号,足球经理网络版,上海大乐网络科技有限公司,2016-07-06
文网游进字〔2016〕0062 号,城市自由狂飙,北京柒柒网络科技有限公司,2016-07-06
文网游进字〔2016〕0065 号,霸主,北京喜游戏科技有限公司,2016-07-06
文网游进字〔2016〕0068 号,四元素大冒险（PlayStation4版）,苏州米玩网络科技有限公司,2016-07-06
文网游进字〔2016〕0058 号,四元素大冒险,苏州米玩网络科技有限公司,2016-07-06
文网游进字〔2016〕0071 号,消灭都市,上海东方明珠文化发展有限公司,2016-07-06
文网游进字〔2016〕0063 号,空间竞赛-极速,北京柒柒网络科技有限公司,2016-07-06
文网游进字〔2016〕0060 号,飞速骑行(Xbox版本),上海东方明珠新媒体股份有限公司,2016-07-06
文网游进字〔2016〕0070 号,虚空之虫,苏州米玩网络科技有限公司,2016-07-06
文网游进字〔2016〕0057 号,摩托世界大奖赛2015,上海东方明珠新媒体股份有限公司,2016-07-06
文网游进字〔2016〕0061 号,音量（PlayStationVita版）,苏州米玩网络科技有限公司,2016-07-06
文网游进字〔2016〕0069 号,虚空之虫（PlayStation4版）,苏州米玩网络科技有限公司,2016-07-06
文网游进字〔2016〕0053 号,实况俱乐部,杭州网易雷火科技有限公司,2016-05-31
文网游进字〔2016〕0052 号,战争雷霆,深圳市腾讯计算机系统有限公司,2016-05-31
文网游进字〔2016〕0054 号,空甲联盟,合肥完美世界网络技术有限公司,2016-05-31
文网游进字〔2016〕0042 号,里奥的财富,百视通新媒体股份有限公司,2016-05-13
文网游进字〔2016〕0038 号,全民星球,深圳市腾讯计算机系统有限公司,2016-05-13
文网游进字〔2016〕0037 号,上古世纪,深圳市腾讯计算机系统有限公司,2016-05-13
文网游进字〔2016〕0044 号,小黄人大眼萌乐园,天津莱玩网络科技有限公司,2016-05-13
文网游进字〔2016〕0040 号,糖果传奇,深圳市腾讯计算机系统有限公司,2016-05-13
文网游进字〔2016〕0041 号,泡泡堂（移动版）,深圳市腾讯计算机系统有限公司,2016-05-13
文网游进字〔2016〕0047 号,三国战纪主机版,合肥完美世界网络技术有限公司,2016-05-13
文网游进字〔2016〕0035 号,火影忍者（手游）,深圳市腾讯计算机系统有限公司,2016-05-13
文网游进字〔2016〕0039 号,保卫萝卜3,深圳市腾讯计算机系统有限公司,2016-05-13
文网游进字〔2016〕0046 号,极限竞速6,上海东方明珠新媒体股份有限公司,2016-05-13
文网游进字〔2016〕0045 号,圣斗士星矢勇斗之魂,上海东方明珠文化发展有限公司,2016-05-13
文网游进字〔2016〕0036 号,战斗吧剑灵,深圳市腾讯计算机系统有限公司,2016-05-13
文网游进字〔2016〕0048 号,功夫全明星,天津英雄互娱科技有限公司,2016-05-13
文网游进字〔2016〕0051 号,快乐点点消,深圳市创梦天地科技有限公司,2016-05-13
文网游进字〔2016〕0033 号,3D直升机-炮艇战,上海昊嘉信息技术有限公司,2016-04-08
文网游进字〔2016〕0034 号,漫威格斗：冠军之争,上海中清龙图网络科技有限公司,2016-04-08
文网游进字〔2016〕0024 号,部落冲突：皇室战争,北京昆仑乐享网络技术有限公司,2016-03-16
文网游进字〔2016〕0030 号,桥,百视通新媒体股份有限公司,2016-03-16
文网游进字〔2016〕0025 号,守望先锋,上海网之易网络科技发展有限公司,2016-03-16
文网游进字〔2016〕0026 号,世界摩托大奖赛15,上海东方明珠文化发展有限公司,2016-03-16
文网游进字〔2016〕0029 号,画个火柴人,百视通新媒体股份有限公司,2016-03-16
文网游进字〔2016〕0032 号,虚荣,上海巨人网络科技有限公司,2016-03-16
文网游进字〔2016〕0028 号,刀锋酷跑,拓维信息系统股份有限公司,2016-03-16
文网游进字〔2016〕0031 号,穿越火线-枪战王者（手游）,深圳市腾讯计算机系统有限公司,2016-03-16
文网游进字〔2016〕0027 号,F12015,上海东方明珠文化发展有限公司,2016-03-16
文网游进字〔2016〕0023 号,无双大蛇2终极版,百视通新媒体股份有限公司,2016-02-18
文网游进字〔2016〕0018 号,十二之天II经典版,双鸭山国信城网建设投资有限公司,2016-02-03
文网游进字〔2016〕0015 号,体感碰碰球,百视通新媒体股份有限公司,2016-02-03
文网游进字〔2016〕0012 号,天天富翁,深圳市腾讯计算机系统有限公司,2016-02-03
文网游进字〔2016〕0021 号,全民桌球,深圳市腾讯计算机系统有限公司,2016-02-03
文网游进字〔2016〕0020 号,足球在线3移动版,深圳市腾讯计算机系统有限公司,2016-02-03
文网游进字〔2016〕0013 号,逗比阿酷,北京友皆乐通信技术有限公司,2016-02-03
文网游进字〔2016〕0016 号,叠叠三,百视通新媒体股份有限公司,2016-02-03
文网游进字〔2016〕0014 号,城堡风暴,上海东方明珠文化发展有限公司,2016-02-03
文网游进字〔2016〕0017 号,变形金刚：破坏战士,上海东方明珠文化发展有限公司,2016-02-03
文网游进字〔2016〕0019 号,永不孤单,苏州米玩网络科技有限公司,2016-02-03
文网游进字〔2016〕0011 号,高尔夫之星：第三季,北京友皆乐通信技术有限公司,2016-01-19
文网游进字〔2016〕0010 号,艾斯蒂敢达手机游戏,上海久游网络科技有限公司,2016-01-19
文网游进字〔2016〕0009 号,银河足球队,北京友皆乐通信技术有限公司,2016-01-19
文网游进字〔2016〕0003 号,疾风之刃,深圳市腾讯计算机系统有限公司,2016-01-11
文网游进字〔2016〕0002 号,火影忍者ONLINE,深圳市腾讯计算机系统有限公司,2016-01-11
文网游进字〔2016〕0006 号,愤怒的小鸟之泡泡奇缘,拓维信息系统股份有限公司,2016-01-11
文网游进字〔2016〕0008 号,魔甲时代,上海邮通科技有限公司,2016-01-11
文网游进字〔2016〕0004 号,兽人必须死,深圳市腾讯计算机系统有限公司,2016-01-11
文网游进字〔2016〕1001 号,怪物猎人online,深圳市腾讯计算机系统有限公司,2016-01-11
文网游进字〔2016〕0005 号,星球大战：指挥官,深圳市岚悦网络科技有限公司,2016-01-11
文网游进字〔2016〕0007 号,光之子PS4版,上海东方明珠文化发展有限公司,2016-01-11
文网游进字〔2015〕0075 号,史上最牛的游戏2,北京万讯通科技发展有限公司,2015-11-04
文网游进字〔2015〕0076 号,史上最牛的游戏3,北京万讯通科技发展有限公司,2015-11-04
文网游进字〔2015〕0074 号,圣灵勇士,北京友皆乐通信技术有限公司,2015-10-30
文网游进字〔2015〕0068 号,火瀑,上海傲志网络科技有限公司,2015-10-30
文网游进字〔2015〕0071 号,东方奥德赛,北京友皆乐通信技术有限公司,2015-10-30
文网游进字〔2015〕0070 号,星际战甲主机版,完美世界（北京）网络技术有限公司,2015-10-30
文网游进字〔2015〕0073 号,别闹怪兽,深圳市安鹏通讯科技有限公司,2015-10-30
文网游进字〔2015〕0072 号,萌龙大乱斗,北京万盛和泰科技有限公司,2015-10-30
文网游进字〔2015〕0069 号,星际争霸II：虚空之遗,上海网之易网络科技发展有限公司,2015-10-30
文网游进字〔2015〕0066 号,乖离性百万亚瑟王,杭州网易雷火科技有限公司,2015-10-12
文网游进字〔2015〕0067 号,愤怒的小鸟：勇闯猪猪岛,北京昆仑万维科技股份有限公司,2015-10-12
文网游进字〔2015〕0064 号,战舰世界,上海大承网络技术有限公司,2015-09-22
文网游进字〔2015〕0065 号,继承者,深圳市云海情天文化传播有限公司,2015-09-22
文网游进字〔2015〕0058 号,风之旅人,上海东方明珠文化发展有限公司,2015-09-07
文网游进字〔2015〕0060 号,植物大战僵尸战略版,深圳市腾讯计算机系统有限公司,2015-09-07
文网游进字〔2015〕0056 号,舞力全开2015PS4版,上海东方明珠文化发展有限公司,2015-09-07
文网游进字〔2015〕0053 号,口袋拉力赛,北京万讯通科技发展有限公司,2015-09-07
文网游进字〔2015〕0059 号,纪念碑谷,深圳市创梦天地科技有限公司,2015-09-07
文网游进字〔2015〕0063 号,无尽之剑命运,百视通新媒体股份有限公司,2015-09-07
文网游进字〔2015〕0052 号,迷失的双胞胎,北京万讯通科技发展有限公司,2015-09-07
文网游进字〔2015〕0057 号,Q版反恐精英,北京万讯通科技发展有限公司,2015-09-07
文网游进字〔2015〕0062 号,部落冲突,北京昆仑乐享网络技术有限公司,2015-09-07
文网游进字〔2015〕0055 号,矿车大逃亡,北京万讯通科技发展有限公司,2015-09-07
文网游进字〔2015〕0054 号,超音速飞行,北京万讯通科技发展有限公司,2015-09-07
文网游进字〔2015〕0061 号,仙剑奇侠传六,北京畅游时代数码技术有限公司,2015-09-07
文网游进字〔2015〕0051 号,轩辕剑外传穹之扉,北京畅游时代数码技术有限公司,2015-08-26
文网游进字〔2015〕0048 号,愤怒的小鸟2,北京昆仑在线网络科技有限公司,2015-08-25
文网游进字〔2015〕0050 号,英雄联盟之魄罗快跑,北京昆仑乐享网络技术有限公司,2015-08-25
文网游进字〔2015〕0049 号,讨鬼传极PS4版,上海东方明珠文化发展有限公司,2015-08-25
文网游进字〔2015〕0043 号,赛车联盟,北京空中信使信息技术有限公司,2015-07-17
文网游进字〔2015〕0044 号,恶魔契约,深圳市迅雷网络技术有限公司,2015-07-17
文网游进字〔2015〕0047 号,怪物猎人大狩猎,北京世界星辉科技有限责任公司,2015-07-17
文网游进字〔2015〕0045 号,无主之地OL,上海数龙科技有限公司,2015-07-17
文网游进字〔2015〕0046 号,杀手狙击之神,北京掌中米格信息技术有限公司,2015-07-17
文网游进字〔2015〕0042 号,魔导少年-妖尾启程,上海蛙扑网络技术有限公司,2015-06-16
文网游进字〔2015〕0036 号,精灵与森林,百视通新媒体股份有限公司,2015-06-16
文网游进字〔2015〕0041 号,死神-斩之灵,上海蛙扑网络技术有限公司,2015-06-16
文网游进字〔2015〕0029 号,全民天团,深圳市安鹏通讯科技有限公司,2015-06-16
文网游进字〔2015〕0030 号,神器传说Online,杭州顺网科技股份有限公司,2015-06-16
文网游进字〔2015〕0034 号,星际战甲,北京畅游时代数码技术有限公司,2015-06-16
文网游进字〔2015〕0027 号,讨鬼传极,上海东方明珠文化发展有限公司,2015-06-16
文网游进字〔2015〕0031 号,植物大战僵尸全明星,北京北纬通信科技股份有限公司,2015-06-16
文网游进字〔2015〕0028 号,诸神传奇,上海邮通科技有限公司,2015-06-16
文网游进字〔2015〕0037 号,城堡抢翻天,北京畅游时代数码技术有限公司,2015-06-16
文网游进字〔2015〕0032 号,狩龙战纪,北京畅游时代数码技术有限公司,2015-06-16
文网游进字〔2015〕0038 号,冒险岛手游,上海邮通科技有限公司,2015-06-16
文网游进字〔2015〕0033 号,火线指令2,北京触控科技有限公司,2015-06-16
文网游进字〔2015〕0039 号,我的世界,百视通新媒体股份有限公司,2015-06-16
文网游进字〔2015〕0023 号,小小大星球3,上海东方明珠文化发展有限公司,2015-04-23
文网游进字〔2015〕0026 号,钢铁骑士团,上海数龙计算机科技有限公司,2015-04-23
文网游进字〔2015〕0022 号,敢达决战,上海蛙扑网络技术有限公司,2015-04-23
文网游进字〔2015〕0025 号,虚拟农场14,上海东方明珠文化发展有限公司,2015-04-23
文网游进字〔2015〕0024 号,光环士官长合集,百视通新媒体股份有限公司,2015-04-23
文网游进字〔2015〕0021 号,糖糖大世界,北京昆仑乐享网络技术有限公司,2015-04-23
文网游进字〔2015〕0019 号,雷曼传奇PS4版,上海东方明珠文化发展有限公司,2015-03-20
文网游进字〔2015〕0020 号,暗黑破坏神III：夺魂之镰,上海网之易网络科技发展有限公司,2015-03-20
文网游进字〔2015〕0016 号,男儿当入樽,上海蛙扑网络技术有限公司,2015-03-20
文网游进字〔2015〕0018 号,吉娜姐妹扭曲梦境,上海东方明珠文化发展有限公司,2015-03-20
文网游进字〔2015〕0017 号,驾驶俱乐部,上海东方明珠文化发展有限公司,2015-03-20
文网游进字〔2015〕0015 号,光之子,百视通新媒体股份有限公司,2015-03-20
文网游进字〔2015〕0014 号,战天堂,深圳市尚游网络科技有限公司,2015-03-18
文网游进字〔2015〕0012 号,惊天动地2-永恒,北京畅游时代数码技术有限公司,2015-03-12
文网游进字〔2015〕0013 号,格斗联盟,北京畅游时代数码技术有限公司,2015-03-12
文网游进字〔2015〕0011 号,水果忍者体感版2,百视通新媒体股份有限公司,2015-02-27
文网游进字〔2015〕0010 号,型可塑,百视通新媒体股份有限公司,2015-02-27
文网游进字〔2015〕0008 号,舞力全开2015,百视通新媒体股份有限公司,2015-02-10
文网游进字〔2015〕0006 号,雷曼传奇,百视通新媒体股份有限公司,2015-02-10
文网游进字〔2015〕0005 号,美国篮球协会15,百视通新媒体股份有限公司,2015-02-10
文网游进字〔2015〕0009 号,幻幻球2,百视通新媒体股份有限公司,2015-02-10
文网游进字〔2015〕0007 号,姜饼人酷跑,深圳市创梦天地科技有限公司,2015-02-10
文网游进字〔2015〕0003 号,花花卡姆,上海东方明珠文化发展有限公司,2015-01-20
文网游进字〔2015〕0002 号,触光投影,上海东方明珠文化发展有限公司,2015-01-20
文网游进字〔2015〕0004 号,极速冒险2X,上海东方明珠文化发展有限公司,2015-01-20
文网游进字〔2015〕0001 号,蒸汽世界开采,上海东方明珠文化发展有限公司,2015-01-20
文网进字[2014]0128号,钠克的大冒险,上海东方明珠文化发展有限公司,2014-12-30
文网进字[2014]0131号,功夫宠物,北京友皆乐通信技术有限公司,2014-12-30
文网进字[2014]0127号,真古龙群侠传Online,卓易通(北京)网络技术有限公司,2014-12-30
文网进字[2014]0130号,恋战,深圳市尚游网络科技有限公司,2014-12-30
文网进字[2014]0129号,愤怒的小鸟,拓维信息系统股份有限公司,2014-12-30
文网进字[2014]0133号,马上有英雄,北京友皆乐通信技术有限公司,2014-12-30
文网进字[2014]0132号,魔灵召唤,北京友皆乐通信技术有限公司,2014-12-30
文网进字[2014]0117号,最终幻想X2,上海东方明珠文化发展有限公司,2014-12-17
文网进字[2014]0126号,机动战士敢达Online,上海久游网络科技有限公司,2014-12-17
文网进字[2014]0125号,最终幻想X,上海东方明珠文化发展有限公司,2014-12-17
文网进字[2014]0121号,街机档案少年忍者魔城大冒险,上海东方明珠文化发展有限公司,2014-12-17
文网进字[2014]0124号,灵魂交织,上海东方明珠文化发展有限公司,2014-12-17
文网进字[2014]0123号,街机档案疯狂攀爬者,上海东方明珠文化发展有限公司,2014-12-17
文网进字[2014]0120号,街机档案月冠登陆艇,上海东方明珠文化发展有限公司,2014-12-17
文网进字[2014]0119号,特技摩托聚变PS4版,上海东方明珠文化发展有限公司,2014-12-17
文网进字[2014]0122号,街机档案疯狂摔跤惊心时刻,上海东方明珠文化发展有限公司,2014-12-17
文网进字[2014]0118号,方块猫嘉年华,上海东方明珠文化发展有限公司,2014-12-17
文网进字[2014]0116号,魔兽世界：德拉诺之王,上海网之易网络科技发展有限公司,2014-11-02
文网进字[2014]0115号,暴雪风暴英雄,上海网之易网络科技发展有限公司,2014-10-20
文网进字[2014]0108号,特技摩托聚变,百视通新媒体股份有限公司,2014-09-22
文网进字[2014]0109号,舞动全身,百视通新媒体股份有限公司,2014-09-22
文网进字[2014]0111号,动物园大亨,百视通新媒体股份有限公司,2014-09-22
文网进字[2014]0113号,体育竞技,百视通新媒体股份有限公司,2014-09-22
文网进字[2014]0110号,极限竞速5,百视通新媒体股份有限公司,2014-09-22
文网进字[2014]0112号,麦克斯兄弟魔咒,百视通新媒体股份有限公司,2014-09-22
文网进字[2014]0107号,艾斯蒂敢达大作战,上海久游网络科技有限公司,2014-09-10
文网进字[2014]0106号,魔幻英雄,广州华多网络科技有限公司,2014-09-03
文网进字[2014]0105号,海岛奇兵,北京昆仑乐享网络技术有限公司,2014-09-03
文网进字[2014]0104号,捣蛋猪,拓维信息系统股份有限公司,2014-08-18
文网进字[2014]0102号,大航海时代5,上海布鲁潘达网络技术有限公司,2014-08-18
文网进字[2014]0103号,水果忍者,深圳市创梦天地科技有限公司,2014-08-18
文网进字[2014]0101号,钓鱼发烧友,北京友皆乐通信技术有限公司,2014-08-18
文网进字[2013]041号,激战2,北京空中信使信息技术有限公司,2013-12-25
文网进字[2013]039号,无双之王,上海悠游网软件科技有限公司,2013-12-25
文网进字[2013]042号,希望OL,北京昆仑在线网络科技有限公司,2013-12-25
文网进字[2013]040号,神之谕,上海悠游网软件科技有限公司,2013-12-25
文网进字[2013]038号,《坦克世界》0.8.9,北京空中信使信息技术有限公司,2013-12-25
文网进字[2013]043号,小狗快跑,上海邮通科技有限公司,2013-12-25
文网进字[2013]044号,鳄鱼小顽皮爱洗澡,北京群胜网科技有限公司,2013-12-25
文网进字[2013]032号,魔界村,上海数龙科技有限公司,2013-11-26
文网进字[2013]034号,大海战Ⅲ,九合天下（北京）科技有限公司,2013-11-26
文网进字[2013]033号,末日纪元,上海数龙科技有限公司,2013-11-26
文网进字[2013]035号,战机世界,北京空中信使信息技术有限公司,2013-11-26
文网进字[2013]029号,炉石传说：魔兽英雄传,上海网之易网络科技发展有限公司,2013-10-18
文网进字[2013]031号,奇迹世界(SUN),上海壮游信息科技有限公司,2013-10-18
文网进字[2013]030号,现代战争,深圳市腾讯计算机系统有限公司,2013-10-18
文网进字[2013]028号,刀塔,完美世界（北京）网络技术有限公司,2013-08-07
文网进字[2013]027号,《新丝路》,游艺春秋网络科技（北京）有限公司,2013-08-07
文网进字[2013]026号,反恐精英online2,上海邮通科技有限公司,2013-08-07
文网进字[2013]025号,自由足球,深圳市腾讯计算机系统有限公司,2013-08-07
文网进字[2013]024号,天刹,深圳市腾讯计算机系统有限公司,2013-08-07
文网进字[2013]023号,扩散性百万亚瑟王,上海数龙科技有限公司,2013-07-16
文网进字[2013]018号,跑跑卡丁车官方竞速版,上海邮通科技有限公司,2013-07-15
文网进字[2013]022号,达芬奇,北京冠游时空数码技术有限公司,2013-07-15
文网进字[2013]021号,《暗影之剑》,北京畅游时代数码技术有限公司,2013-07-15
文网进字[2013]020号,骑士3.0,游艺春秋网络科技（北京）有限公司,2013-07-15
文网进字[2013]019号,《创世II》,北京光宇在线科技有限责任公司,2013-07-15
文网进字[2013]015号,黑雨,上海大乐网络科技有限公司,2013-06-09
文网进字[2013]016号,《机甲世界》,北京空中信使信息技术有限公司,2013-06-09
文网进字[2013]014号,永恒冒险,北京冠游时空数码技术有限公司,2013-06-09
文网进字[2013]017号,《坦克世界》0.8.5,北京空中信使信息技术有限公司,2013-06-09
文网进字[2013]010号,信喵之野望,上海布鲁潘达网络技术有限公司,2013-05-27
文网进字[2013]011号,名将列传,北京昆仑在线网络科技有限公司,2013-05-27
文网进字[2013]013号,星际争霸II：虫群之心,上海网之易网络科技发展有限公司,2013-05-27
文网进字[2013]012号,百万人的三国志,上海天戏网络技术有限公司,2013-05-27
文网进字[2013]006号,《坦克世界》0.8.4,北京空中信使信息技术有限公司,2013-04-02
文网进字[2013]008号,自由篮球,上海邮通科技有限公司,2013-04-02
文网进字[2013]007号,大航海时代Online－新纪元,上海天戏网络技术有限公司,2013-04-02
文网进字[2013]005号,剑灵,深圳市腾讯计算机系统有限公司,2013-02-06
文网进字[2013]002号,工人物语在线,上海碧汉网络科技有限公司,2013-02-06
文网进字[2013]003号,超能战联,上海邮通科技有限公司,2013-02-06
文网进字[2013]004号,奇迹《mu-eX700》,上海壮游信息科技有限公司,2013-02-06
文网进字[2013]001号,大航海时代Online—美洲大陆,上海天戏网络技术有限公司,2013-02-06
文网进字[2013]006号,《坦克世界》0.8.3,北京空中信使信息技术有限公司,2013-02-06
文网进字[2012]050号,枪战世界,上海大承网络技术有限公司,2012-12-25
文网进字[2012]052号,艾尔之光资料片,上海巨人网络科技有限公司,2012-12-25
文网进字[2012]053号,坦克世界（0.8.1）,北京空中信使信息技术有限公司,2012-12-25
文网进字[2012]051号,行星边际2,上海第九城市信息技术有限公司,2012-12-25
文网进字[2012]048号,大航海时代Online—东方文明,上海天戏网络技术有限公司,2012-12-05
文网进字[2012]046号,刀风斗士,上海数龙科技有限公司,2012-11-08
文网进字[2012]047号,晴空物语,北京昆仑在线网络科技有限公司,2012-11-08
文网进字[2012]044号,天堂II,深圳市腾讯计算机系统有限公司,2012-11-08
文网进字[2012]040号,影子部队,上海邮通科技有限公司,2012-09-24
文网进字[2012]041号,新倚天,陕西至尊网络科技有限公司,2012-09-24
文网进字[2012]039号,魔狱军团,上海浩方在线信息技术有限公司,2012-09-24
文网进字[2012]038号,阿瓦隆,广州唯思软件股份有限公司,2012-09-24
文网进字[2012]043号,仙境传说online,北京昆仑在线网络科技有限公司,2012-09-24
文网进字[2012]042号,新挑战,上海昊嘉信息技术有限公司,2012-09-24
文网进字[2012]032号,《大航海时代Online》,上海天希网络技术有限公司,2012-09-05
文网进字[2012]037号,星战前夜,上海邮通科技有限公司,2012-09-05
文网进字[2012]035号,梦幻龙族2,九合天下（北京）科技有限公司,2012-09-05
文网进字[2012]036号,《混沌与秩序》,广州市动景计算机科技有限公司,2012-09-05
文网进字[2012]034号,时尚女人帮,上海第九城市信息技术有限公司,2012-09-05
文网进字[2012]033号,魔兽世界：熊猫人之谜,上海网之易网络科技发展有限公司,2012-09-05
文网进字[2012]030号,《彩虹岛Online》新资料片《彩虹岛2》,上海数龙科技有限公司,2012-08-13
文网进字[2012]028号,沃尔学院,上海淘米网络科技有限公司,2012-08-13
文网进字[2012]031号,时空裂痕,上海数龙科技有限公司,2012-08-13
文网进字[2012]029号,劲舞堂,常州天堂网络科技有限公司,2012-08-13
文网进字[2012]024号,《奇迹》,上海壮游信息科技有限公司,2012-06-21
文网进字[2012]022号,天堂,深圳市腾讯计算机系统有限公司,2012-06-21
文网进字[2012]027号,千年之王,上海数龙科技有限公司,2012-06-21
文网进字[2012]023号,文明争霸,深圳市腾讯计算机系统有限公司,2012-06-21
文网进字[2012]025号,龙珠Online,上海数龙科技有限公司,2012-06-21
文网进字[2012]026号,永恒之塔4.0版本,上海数龙科技有限公司,2012-06-21
文网进字[2012]021号,QQ九仙,深圳市腾讯计算机系统有限公司,2012-05-28
文网进字[2012]019号,墨香online,深圳千峰云起信息科技有限公司,2012-05-28
文网进字[2012]020号,小白大作战,深圳市腾讯计算机系统有限公司,2012-05-18
文网进字[2012]018号,黄易群侠传online,北京龙图智库科技有限公司,2012-05-18
文网进字[2012]010号,最终幻想14,上海数龙科技有限公司,2012-04-09
文网进字[2012]011号,特战先锋,上海数龙科技有限公司,2012-04-09
文网进字[2012]013号,《欢乐牧场》,北京幻方朗睿软件科技有限公司,2012-04-09
文网进字[2012]016号,割绳子,北京幻方朗睿软件科技有限公司,2012-04-09
文网进字[2012]012号,沉默的狙击3D,北京幻方朗睿软件科技有限公司,2012-04-09
文网进字[2012]017号,3D全明星卡丁车大乱斗,北京幻方朗睿软件科技有限公司,2012-04-09
文网进字[2012]009号,时尚城市,上海悠游网软件科技有限公司,2012-04-09
文网进字[2012]014号,机器人大战,北京幻方朗睿软件科技有限公司,2012-04-09
文网进字[2012]015号,麻将茶馆,北京幻方朗睿软件科技有限公司,2012-04-09
文网进字[2012]005号,洛汗黄金城,北京银河聚阵网络科技有限公司,2012-03-05
文网进字[2012]008号,斗战神,深圳市腾讯计算机系统有限公司,2012-03-05
文网进字[2012]007号,《黄易群侠传2》,北京昆仑在线网络科技有限公司,2012-03-05
文网进字[2012]006号,守护之剑,上海数龙科技有限公司,2012-03-05
文网进字[2012]002号,自由国度,上海第九城市信息技术有限公司,2012-02-22
文网进字[2012]003号,冰火战歌,上海第九城市信息技术有限公司,2012-02-22
文网进字[2012]001号,核金风暴,北京神州橘子网络技术有限公司,2012-02-22
文网进字[2012]004号,冠军足球经理在线,上海数龙科技有限公司,2012-01-17
文网进字[2011]037号,秘密花园,上海骏梦网络科技有限公司,2011-12-30
文网进字[2011]036号,咖啡恋人,上海骏梦网络科技有限公司,2011-12-30
文网进字[2011]038号,圣境传说,北京昆仑在线网络科技有限公司,2011-12-30
文网进字[2011]039号,玄武豪侠传，简称“玄武”,深圳中青宝互动网络股份有限公司,2011-12-30
文网进字[2011]035号,大富翁OL,上海骏梦网络科技有限公司,2011-12-05
文网进字[2011]015-2号,魔兽世界：大地的裂变（4.3版本补丁）,上海网之易网络科技发展有限公司,2011-12-05
文网进字[2011]031号,将魂,深圳市腾讯计算机系统有限公司,2011-11-14
文网进字[2011]032号,全民足球,上海碧汉网络科技有限公司,2011-11-14
文网进字[2011]030号,仙境冒险,上海第九城市信息技术有限公司,2011-11-14
文网进字[2011]029号,NBA2K篮球在线,深圳市腾讯计算机系统有限公司,2011-11-14
文网进字[2011]028号,第九大陆,深圳市腾讯计算机系统有限公司,2011-11-14
文网进字[2011]033号,战地风云OL,北京畅游时代数码技术有限公司,2011-11-14
文网进字[2011]034号,新惊天动地,游艺春秋网络科技（北京）有限公司,2011-11-14
文网进字[2011]027号,纸片人,上海大承网络技术有限公司,2011-09-13
文网进字[2011]026号,3D可爱夹娃娃机,北京幻方郎睿软件科技有限公司,2011-09-13
文网进字[2011]025号,捕鼠达人,上海数龙科技有限公司,2011-09-13
文网进字[2011]0015-1号,魔兽世界：大地的裂变（4.2版本补丁）,上海网之易网络科技发展有限公司,2011-09-13
文网进字[2011]024号,露娜2,福州八爪鱼网络技术有限公司,2011-07-26
文网进字[2011]022号,圣灵战记,上海数龙科技有限公司,2011-07-26
文网进字[2011]023号,天堂梦,深圳市梦天堂网络文化发展有限公司,2011-07-26
文网进字[2011]019号,阿凡龙,北京侠客行网络技术有限公司,2011-06-27
文网进字[2011]021号,潘多拉,上海烈风网络科技有限公司,2011-06-27
文网进字[2011]020号,石器时代,广东胜思网络科技有限公司,2011-06-27
文网进字[2011]018号,风暴战区,上海邮通科技有限公司,2011-06-27
文网进字[2011]017号,洛奇英雄传,上海邮通科技有限公司,2011-06-27
文网进字[2011]016号,突击风暴,上海盛大网络发展有限公司,2011-06-27
文网进字[2011]015号,魔兽世界：大地的裂变,上海网之易网络科技发展有限公司,2011-06-01
文网进字[2011]014号,巫师之怒,上海巨人网络科技有限公司,2011-05-03
文网进字[2011]011号,卓越之剑2,九合天下（北京）科技有限公司,2011-05-03
文网进字[2011]013号,艾米尔编年史online,南京守望者网络科技有限公司,2011-05-03
文网进字[2011]010号,勇者之歌,上海游趣网络科技有限公司,2011-05-03
文网进字[2011]004号,英雄联盟,深圳市腾讯计算机系统有限公司,2011-05-03
文网进字[2011]012号,《新破天一剑》,游艺春秋网络科技（北京）有限公司,2011-05-03
文网进字[2011]007号,中华英雄?龙虎门,北京畅游时代数码技术有限公司,2011-03-17
文网进字[2011]006号,灵魂战神,北京光宇在线科技有限责任公司,2011-02-18
文网进字[2011]009号,勇士归来,河北鼎和电子科技有限公司,2011-02-18
文网进字[2011]008号,坦克世界,北京空中信使信息技术有限公司,2011-02-18
文网进字[2011]005号,魔钥,苏州晟丰软件有限公司,2011-02-18
文网进字[2011]003号,星际争霸II：自由之翼,上海网之易网络科技发展有限公司,2011-01-19
文网进字[2011]002号,风色群英传online,上海悠游网软件科技有限公司,2011-01-06
文网进字[2011]001-1号,永恒之塔2.2版本,上海盛大网络发展有限公司,2011-01-06
文网进字[2010]021-1号,魔兽世界?巫妖王之怒V3.3.5,上海网之易网络科技发展有限公司,2011-01-06
文网进字[2010]027号,艾尔之光,上海巨人网络科技有限公司,2010-11-11
文网进字[2010]028号,植物大战僵尸,北京千橡网景科技发展有限公司,2010-11-11
文网进字[2010]026号,特勤队Ⅱ,上海松雷文化传播有限公司,2010-11-11
文网进字[2010]022号,绝地反击,北京光宇在线科技有限责任公司,2010-09-10
文网进字[2010]023号,天子传奇,北京广亚世纪数码科技有限公司,2010-09-10
文网进字[2010]025号,守护者online,上海悠游网软件科技有限公司,2010-09-10
文网进字[2010]024号,蓝海战记,上海久游网络科技有限公司,2010-09-10
文网进字[2010]020号,石器时代2,广东胜思网络科技有限公司,2010-08-06
文网进字[2010]018号,开心星球,上海邮通科技有限公司,2010-08-06
文网进字[2010]019号,魔法门之英雄无敌：王国,上海碧汉网络科技有限公司,2010-08-06
文网进字[2010]016号,泡泡战士,上海盛大网络发展有限公司,2010-08-06
文网进字[2010]017号,波斯王子：时之沙（电影正版）,北京新浪互联信息服务有限公司,2010-08-06
文网进字[2010]021号,魔兽世界?巫妖王之怒,上海网之易网络科技发展有限公司,2010-08-06
文网进字[2010]011号,街头篮球2,上海天游软件有限公司,2010-05-26
文网进字[2010]014号,创誓记,上海游趣网络科技有限公司,2010-05-26
文网进字[2010]015号,壮志凌云,上海易当网络科技有限公司,2010-05-26
文网进字[2010]013号,洛汗,零度聚阵文化有限公司,2010-05-26
文网进字[2010]012号,精灵复兴,上海易当网络科技有限公司,2010-05-26
文网进字[2010]010号,中华英雄,北京畅游时代数码技术有限公司,2010-03-30
文网进字[2010]008号,世界摩托大奖赛-正版,北京雷霆万钧网络科技有限责任公司,2010-03-30
文网进字[2010]009号,热斗传说,上海盛大网络发展有限公司,2010-03-30
文网进字[2010]007号,新封印传说,宁波成功多媒体通信有限公司,2010-03-30
文网进字[2010]002号,三国群英传2online,上海第九城市信息技术有限公司,2010-02-10
文网进字[2010]006号,部落战争,上海维莱信息科技有限公司,2010-02-10
文网进字[2010]005号,决战,北京乐显世纪科技有限公司,2010-02-10
文网进字[2010]001号,阿凡达（电影正版）,北京新浪互联信息服务有限公司,2010-02-10
文网进字[2010]003号,RUSH-冲锋,北京戏杰环球软件开发有限公司,2010-02-10
文网进字[2010]004号,光之冒险,上海天希网络技术有限公司,2010-02-10
文网进字[2009]023号,英雄II,天津风云网络技术有限公司,2009-12-29
文网进字[2009]015号,大海战2,九合天下（北京）科技有限公司,2009-12-04
文网进字[2009]016号,真.女神转生,宁波成功多媒体通信有限公司,2009-12-04
文网进字[2009]020号,激战海陆空,北京快乐天成软件技术有限公司,2009-12-04
文网进字[2009]021号,机甲英豪,上海盛大网络发展有限公司,2009-12-04
文网进字[2009]022号,风色幻想,上海悠游网软件科技有限公司,2009-12-04
文网进字[2009]018号,吞食天地2.0,上海盛大网络发展有限公司,2009-12-04
文网进字[2009]017号,欢乐君主,北京联众电脑技术有限责任公司,2009-12-04
文网进字[2009]019号,传奇3,上海盛大网络发展有限公司,2009-12-04
文网进字[2009]014号,指环王online,北京互联经纬科技开发有限公司,2009-11-02
文网进字[2009]011号,龙之谷,上海盛大网络发展有限公司,2009-10-22
文网进字[2009]012号,自由捷客,上海盛大网络发展有限公司,2009-10-22
文网进字[2009]013号,海洋骑士团,上海盛大网络发展有限公司,2009-10-22
文网进字[2009]010号,三国志Online,上海冰动信息技术有限公司,2009-08-31
文网进字[2009]009号,激斗,上海盛大网络发展有限公司,2009-08-06
文网进字[2009]008号,精灵乐章,上海悠游网软件科技有限公司,2009-08-06
文网进字[2009]007号,天空战记,上海盛大网络发展有限公司,2009-08-06
文网进字[2009]006号,魔兽世界,上海网之易网络科技发展有限公司,2009-07-21
文网进字[2009]003号,K.O堂,杭州渡口网络科技有限公司,2009-05-14
文网进字[2009]005号,露娜,上海天游软件有限公司,2009-05-14
文网进字[2009]002号,六圣群侠传online,北京龙图智库科技有限公司,2009-05-14
文网进字[2009]001号,伊苏战记online,上海天希网络技术有限公司,2009-05-05
文网测字[2009]011号,飘邈之旅,上海悠游网软件科技有限公司,2009-03-31
文网测字[2009]012号,战地之王,深圳市腾讯计算机系统有限公司,2009-03-31
文网测字[2009]010号,体育帝国,上海巨人网络科技有限公司,2009-03-09
文网测字[2009]009号,梦幻龙族,上海冰动信息技术有限公司,2009-03-09
文网测字[2009]008号,永恒之塔,上海盛大网络发展有限公司,2009-03-09
文网测字[2009]007号,石器世界,杭州渡口网络科技有限公司,2009-02-17
文网测字[2009]006号,十二之天贰,上海悠游网软件科技有限公司,2009-02-17
文网测字[2009]005号,QQ仙境,深圳市腾讯计算机系统有限公司,2009-02-10
文网测字[2009]004号,SD敢达Online,上海润星网络科技有限公司,2009-02-10
文网测字[2009]001号,天堂2,上海盛大网络发展有限公司,2009-01-21
文网测字[2009]003号,唯舞独尊,广州市宏象网络有限公司,2009-01-21
文网测字[2009]002号,英雄连Online,上海盛大网络发展有限公司,2009-01-21
文网测字[2008]024号,反恐精英Online,上海邮通科技有限公司,2008-12-01
文网测字[2008]027号,全明星篮球在线,上海天游软件有限公司,2008-12-01
文网测字[2008]025号,滑轮风Online,中国电信股份有限公司,2008-12-01
文网测字[2008]026号,热血online,深圳市八泽科技有限公司,2008-12-01
文网测字[2008]029号,天堂,上海盛大网络发展有限公司,2008-12-01
文网测字[2008]028号,路尼亚战记,广州光通通信发展有限公司,2008-12-01
文网测字[2008]023号,冲锋岛,上海邮通科技有限公司,2008-10-27
文网测字[2008]022号,魔力宝贝2,上海久游网络科技有限公司,2008-10-27
文网测字[2008]019号,千年3,上海盛大网络发展有限公司,2008-10-13
文网测字[2008]018号,光线飞车,上海润星网络科技有限公司,2008-10-13
文网测字[2008]020号,仙剑online,上海久游网络科技有限公司,2008-10-13
文网测字[2008]015号,数码宝贝,广州光通通信发展有限公司,2008-07-16
文网测字[2008]014号,超级乒乓,上海盛大网络发展有限公司,2008-07-16
文网测字[2008]013号,生死格斗,上海盛大网络发展有限公司,2008-07-16
文网测字[2008]016号,极速轮滑,中视网元娱乐科技有限公司,2008-07-16
文网测字[2008]017号,苍天Online,上海盛大网络发展有限公司,2008-07-16
文网测字[2008]012号,宝贝坦克,上海摩力游数字娱乐有限公司,2008-06-10
文网测字[2008]011号,地下城与勇士,深圳市腾讯计算机系统有限公司,2008-06-10
文网测字[2008]010号,国际足联大赛在线2,上海第九城市信息技术有限公司,2008-05-13
文网测字[2008]009号,哼哼哈嘿,上海邮通科技有限公司,2008-05-12
文网测字[2008]007号,QQ飞行岛,深圳市腾讯计算机系统有限公司,2008-04-11
文网测字[2008]005号,封印传说,北京雷穹网络科技有限公司,2008-03-06
文网测字[2008]004号,雄霸,北京联众电脑技术有限责任公司,2008-02-21
文网测字[2008]006号,穿越火线,深圳市腾讯计算机系统有限公司,2008-01-08
文网测字[2008]008号,指环王Online,广州光通通信发展有限公司,2008-01-08
文网测字[2008]002号,洛奇,上海邮通科技有限公司,2008-01-08
文网测字[2008]003号,欢乐君主,北京欢乐时空文化传播有限公司,2008-01-08
文网测字[2008]001号,真?三国无双,上海天希网络技术有限公司,2008-01-08
文网测字[2007]010号,跑跑卡丁车,上海邮通科技有限公司,2008-01-08
文网测字[2007]009号,特勤队,上海志信信息技术有限公司,2007-12-28
文网测字[2007]008号,炮炮火枪手,上海邮通科技有限公司,2007-12-28
文网测字[2007]005号,突袭OL,神州通信有限公司,2007-12-26
文网测字[2007]004号,大航海时代Online,盛宣鸣数字娱乐科技（北京）有限公司,2007-12-26
文网测字[2007]003号,劲舞世界,上海尚禾广告有限公司,2007-12-26
文网测字[2007]006号,特种部队,北京互联经纬科技开发有限公司,2007-12-26
文网测字[2007]007号,超级跑跑,上海盛大网络发展有限公司,2007-12-26
文网测字[2007]002号,灵游记,北京联众电脑技术有限责任公司,2007-12-26
文网测字[2007]001号,劲爆足球,上海润星网络科技有限公司,2007-06-21
文网测字[2006]008号,霸王,上海盛大网络发展有限公司,2006-12-28
文网测字[2006]009号,星战前夜,广州光通通信发展有限公司,2006-12-27
文网测字[2006]026号,国度,广东数据通信网络有限公司,2006-12-27
文网测字[2006]025号,GameLobby网络平台,广州市宏象网络有限公司,2006-12-27
文网测字[2006]024号,光之国度,广州光通通信发展有限公司,2006-12-27
文网测字[2006]023号,龙与地下城,上海盛大网络发展有限公司,2006-12-27
文网测字[2006]022号,激战,上海第九城市信息技术有限公司,2006-12-27
文网测字[2006]021号,神泣,广州光通通信发展有限公司,2006-12-27
文网测字[2006]020号,机动战士敢达在线,中视网元娱乐科技有限公司,2006-12-27
文网测字[2006]019号,蒸汽幻想,上海天游软件有限公司,2006-12-27
文网测字[2006]018号,街头篮球,上海天游软件有限公司,2006-12-27
文网测字[2006]010号,跳跳堂,上海盛大网络发展有限公司,2006-12-27
文网测字[2006]011号,宝宝总动员,广州光通通信发展有限公司,2006-12-27
文网测字[2006]012号,QQ音速,深圳市腾讯计算机系统有限公司,2006-12-27
文网测字[2006]016号,卓越之剑,上海久诚信息技术有限公司,2006-12-27
文网测字[2006]017号,奇迹世界,上海久诚信息技术有限公司,2006-12-27
文网测字[2006]14号,桶桶online,北京歌华网络文化咨讯有限公司,2006-09-27
文网测字[2006]15号,艺电休闲游戏平台,广东天悦网络科技有限公司,2006-09-27
文网测字[2006]13号,彩虹骑士,北京歌华网络文化咨讯有限公司,2006-09-27
文网测字[2006]001号,嘉游,北京歌华网络文化咨讯有限公司,2006-06-21
文网测字[2006]002号,快乐Q动队,广州光通通信发展有限公司,2006-06-21
文网测字[2006]004号,挑战,上海百海信息科技有限公司,2006-06-14
文网测字[2006]005号,丝路传说,北京世模科技有限责任公司,2006-06-14
文网测字[2006]006号,盛大动感DJ,上海盛大网络发展有限公司,2006-06-14
文网测字[2006]007号,漂流幻境,中广亚广播信息网络有限公司,2006-06-14
文网测字[2006]3号,金庸群侠传2.0,北京龙图智库科技有限公司,2006-01-24
文网测字[2005]014号,劲乐团,上海润星网络科技有限公司,2005-12-24
文网测字[2005]013号,飞飞,广州网易计算机系统有限公司,2005-12-24
文网测字[2005]015号,劲舞团,上海润星网络科技有限公司,2005-12-24
文网测字[2005]016号,倚天2,中广亚广播信息网络有限公司,2005-12-24
文网测字[2005]017号,Rich大富翁,北京新浪互联信息服务有限公司,2005-12-24
文网测字[2005]11号,神之领域,上海兆鸿投资管理有限公司,2005-10-10
文网测字[2005]10号,胖丫族,四川公用信息产业有限公司,2005-10-10
文网进字[2005]004号,仙境传说,上海盛大网络发展有限公司,2005-08-24
文网测字[2005]7号,飚车,上海天纵网络有限公司,2005-06-13
文网测字[2005]8号,猎人MM,上海润星网络科技有限公司,2005-06-13
文网测字[2005]9号,坦克宝贝,上海兆鸿投资管理有限公司,2005-06-13
文网测字[2005]2号,天堂2,北京新浪互联信息服务有限公司,2005-04-29
文网测字[2005]6号,热血英豪,上海盛大网络发展有限公司,2005-04-29
文网测字[2005]2号,星际online,上海坤迈网络传播有限公司,2005-03-14
文网测字[2005]1号,我的泡泡,广东鑫诺影视文化传播有限公司,2005-03-14
文网测字[2005]3号,辉煌,万向通信有限公司,2005-03-14
文网测字[2005]5号,新浪游戏总动员,北京新浪互联信息服务有限公司,2005-03-14
文网测字[2005]4号,蓝色脉冲,朝华数字娱乐有限公司,2005-03-14
文网测字[2004]032号,墨香,上海腾武数码科技有限公司,2005-01-04
文网测字[2004]027号,轩辕剑网络版,北京国科华龙信息技术有限公司,2005-01-04
文网测字[2004]033号,仙境传说,北京龙图智库科技有限公司,2005-01-04
文网测字[2004]031号,彩虹冒险,成都欢乐数码信息技术有限公司,2004-12-30
文网测字[2004]030号,红宝石,广东鑫诺影视文化传播有限公司,2004-12-30
文网测字[2004]026号,星钻物语,上海米果在线信息服务有限公司,2004-12-16
文网测字[2004]028号,天堂Online,北京新浪互联信息服务有限公司,2004-12-16
文网测字[2004]025号,密传,四川公用信息产业有限公司,2004-12-07
文网测字[2004]024号,命运,四川公用信息产业有限公司,2004-12-07
文网测字[2004]023号,希望,北京光宇华夏科技有限公司,2004-12-01
文网测字[2004]021号,魔兽世界,上海久诚信息技术有限公司,2004-11-26
文网测字[2004]020号,传奇3G,广州光通通信发展有限公司,2004-10-25
文网测字[2004]018号,骑士在线,北京搜狐在线网络信息服务有限公司,2004-09-28
文网测字[2004]019号,神州天戈,万向通信有限公司,2004-09-28
文网测字[2004]017号,天翼之链,上海天纵网络有限公司,2004-09-28
文网进字[2004]004号,泡泡堂,上海盛大网络发展有限公司,2004-09-13
文网进字[2004]007号,真孔雀王,北京中天万方科技发展有限公司,2004-09-13
文网测字[2004]012号,热血传奇,上海盛大网络发展有限公司,2004-09-08
文网测字[2004]016号,大海战II,万向通信有限公司,2004-09-08
文网测字[2004]009号,冒险岛,上海盛大网络发展有限公司,2004-09-08
文网测字[2004]013号,破碎银河系,上海盛大网络发展有限公司,2004-09-08
文网测字[2004]014号,金庸群侠传,北京龙图智库科技有限公司,2004-09-08
文网测字[2004]010号,疯狂坦克2,上海盛大网络发展有限公司,2004-09-08
文网测字[2004]011号,奇迹,上海久诚信息技术有限公司,2004-09-08
文网测字[2004]008号,武林外史,上海盛大网络发展有限公司,2004-08-05
文网测字[2004]006号,开天,武汉怡采科技有限公司,2004-08-05
文网测字[2004]005号,破天一剑,中广亚广播信息网络有限公司,2004-07-12
文网测字[2004]002号,混乱冒险,北京神州橘子网络技术有限公司,2004-06-16
文网测字[2004]001号,精灵,广州网易计算机系统有限公司,2004-06-04
文网测字[2004]003号,凯旋,深圳市腾讯计算机系统有限公司,2004-06-04
文网测字[2004]015号,吞食天地,北京龙图智库科技有限公司,2003-09-08
